{
	"1" : {
		"name":"SYC_ADDCORP.TXT"
		,"query":"1.additional_corp_customer_info.sql"
		,"description":"Addition corp customer info"
		,"key":{
			"keyname":"csr_idn_sky"
			,"outputname":"KEY002 - CUST.txt"
			,"keytype":"CUSTOMER"
		}
		,"reconcile":{
			"outputname":"SYC001D"
		}
	}
	,"2" : {
		"name":"SYC_ATTCONTACT.TXT"
		,"query":"2.attention contact.sql"
		,"description":"Attention contact"
	}
	,"3" : {
		"name":"SYC_ADDRESS.TXT"
		,"query":"3.sycapt_address.sql"
		,"description":"Sycapt address"
		,"classhandler":"com.sycapt.handler.SycaptAddress"
		,"config" : {
			"edc" : "./input/Address_template_EDC_Slip.txt"
			,"wht" : "./input/Address_template_WHT.txt"
			,"header" : 1
			,"export" : "./export/"
		}
	}
	,"4" : {
		"name":"SYC_ACCOUNT.TXT"
		,"query":"4.account_level-2.sql"
		,"description":"Account"
		,"memo": "Export as stage 2"
		,"deltaprefix":"D_"
	}
	,"5" : {
		"name":"SYC_APPLICATOIN.TXT"
		,"query":"5.application.sql"
		,"description":"Application"
		,"key":{
			"keyname":"pan_txt"
			,"outputname":"KEY002 - CARD.txt"
			,"keytype":"CARD NUMBER"
		}
	}
	,"6" : {
		"name":"SYC_PLASTIC.TXT"
		,"query":"6.plastic_select_product_service.sql"
		,"description":"Account"
	}
	,"7" : {
		"name":"SYC_APP_VELOCITY.TXT"
		,"query":"7.application_velocity_data.sql"
		,"description":"Application velocaitydata"
		,"memo": "Export as stage 2"
		,"deltaprefix":"D_"
	}
	,"8" : {
		"name":"SYC_FLEET_CAR.TXT"
		,"query":"8.fleet_car_data_information.sql"
		,"description":"Fleet car data information"
	}
	,"9" : {
		"name":"SYC_OUT_AUTH.TXT"
		,"query":"9.outstanding_authorization-1.sql"
		,"description":"Outstanding authorization"
		,"memo": "Export as stage 2"
		,"deltaprefix":"D_"
	}
	,"10" : {
		"name":"SYC_SETTLE_REC.TXT"
		,"query":"10.settlement_reconciliation_summary-3.sql"
		,"description":"Settlement reconciliation summary"
		,"memo": "Export as stage 2"
		,"deltaprefix":"D_"
	}
	,"11" : {
		"name":"SYC_ACCT_SELECT.TXT"
		,"query":"11.permission.sql"
		,"description":"Account select company permission"
		,"reconcile":{
			"outputname":"SYC011D"
		}
	}
	,"12" : {
		"name":"SYC_MERCHANT.TXT"
		,"query":"12.mms_merchant_general.sql"
		,"description":"Merchant general"
		,"key":{
			"keyname":"mht_itl_nbr"
			,"outputname":"KEY002 - MER.txt"
			,"keytype":"MERCHANT"
		}
	}
	,"13" : {
		"name":"SYC_POSDATA.TXT"
		,"query":"13.mms_pos_terminal_data.sql"
		,"description":"Posterminal data"
		,"key":{
			"keyname":"tml_idn_txt"
			,"outputname":"KEY002 - TERM.txt"
			,"keytype":"TERMINAL"
		}
	}
	,"14" : {
		"name":"SYC_CUS_PORTAL.TXT"
		,"query":"14.customer_portal_user.sql"
		,"description":"Customer portal user"
	}
	,"15" : {
		"name":"SYC_MER_PORTAL.TXT"
		,"query":"15.Merchant_portal_user.sql"
		,"description":"Merchant portal user"
	}
	,"sumkey":{
		"name":"SYC0002A L2A.txt"
	}
}